{"cameraMode":{"drawMode":0,"name":"Shaded","section":"Shading Mode"},"sceneLighting":true,"audioPlay":false,"sceneViewState":{"showFog":true,"showMaterialUpdate":true,"showSkybox":true,"showFlares":true,"showImageEffects":true,"showParticleSystems":true},"in2DMode":false,"pivot":{"x":67.8853988647461,"y":28.298891067504884,"z":-18.41300392150879},"rotation":{"x":-0.09566187113523483,"y":0.7266213297843933,"z":-0.10336717218160629,"w":-0.6724526286125183},"size":9.026985168457032,"orthographic":false}